1;Jose Flores;3324543533;123;laydorapso@nedoz.com
2;Said Puig;3321837983;124;lestufospe@nedoz.com
3;Josep Carrasco;3342141242;125;pepsikasti@nedoz.com
4;Olaya de Diego;3389543232;126;jespucolti@nedoz.com
5;Arancha Barrero;3398754437;127;yegnetotre@nedoz.com
6;Marina Zurita;3356456589;128;gipsazerta@nedoz.com
7;Claudia Veiga;3345609840;129;voknesospi@nedoz.com
8;Araceli Wang;3343543534;130;pustipedri@nedoz.com
9;Begoña Font;3343565457;131;marzaleydo@nedoz.com
10;Jon Valera;3345345346;132;kalmutuspo@nedoz.com
;;;;
;;;;
;;;;
;;;;
;;;;
